Player,goals
Carmelo Anthony,4
Carmelo Anthony,2
Carmelo Anthony,10
Carmelo Anthony,3
Carmelo Anthony,1
Carmelo Anthony,3
Carmelo Anthony,8
Carmelo Anthony,2
Carmelo Anthony,6
Carmelo Anthony,7
Carmelo Anthony,19
Carmelo Anthony,8
Carmelo Anthony,5
Carmelo Anthony,8
Carmelo Anthony,1
Carmelo Anthony,8
Carmelo Anthony,3
Carmelo Anthony,8
Carmelo Anthony,2
Carmelo Anthony,7
Carmelo Anthony,7
Carmelo Anthony,1
Carmelo Anthony,2
Carmelo Anthony,2
Carmelo Anthony,8
Carmelo Anthony,6
Carmelo Anthony,8
Carmelo Anthony,7
Carmelo Anthony,4
Carmelo Anthony,6
Dwyane Wade,11
Dwyane Wade,7
Dwyane Wade,15
Dwyane Wade,7
Dwyane Wade,3
Dwyane Wade,16
Dwyane Wade,15
Dwyane Wade,14
Dwyane Wade,13
Dwyane Wade,19
Dwyane Wade,8
Dwyane Wade,5
Dwyane Wade,20
Dwyane Wade,3
Dwyane Wade,6
Dwyane Wade,16
Dwyane Wade,7
Dwyane Wade,4
Dwyane Wade,2
Dwyane Wade,16
Dwyane Wade,17
Dwyane Wade,19
Dwyane Wade,15
Dwyane Wade,9
Dwyane Wade,14
Dwyane Wade,2
Dwyane Wade,4
Dwyane Wade,6
Dwyane Wade,12
Dwyane Wade,7
Deron Williams,0
Deron Williams,25
Deron Williams,15
Deron Williams,14
Deron Williams,14
Deron Williams,2
Deron Williams,23
Deron Williams,0
Deron Williams,20
Deron Williams,21
Deron Williams,23
Deron Williams,5
Deron Williams,22
Deron Williams,21
Deron Williams,8
Deron Williams,0
Deron Williams,5
Deron Williams,3
Deron Williams,24
Deron Williams,21
Deron Williams,20
Deron Williams,0
Deron Williams,3
Deron Williams,24
Deron Williams,24
Deron Williams,16
Deron Williams,3
Deron Williams,2
Deron Williams,3
Deron Williams,4
Brook Lopez,37
Brook Lopez,12
Brook Lopez,35
Brook Lopez,13
Brook Lopez,12
Brook Lopez,37
Brook Lopez,34
Brook Lopez,32
Brook Lopez,15
Brook Lopez,36
Brook Lopez,36
Brook Lopez,19
Brook Lopez,30
Brook Lopez,26
Brook Lopez,33
Brook Lopez,16
Brook Lopez,24
Brook Lopez,18
Brook Lopez,32
Brook Lopez,34
Brook Lopez,10
Brook Lopez,37
Brook Lopez,28
Brook Lopez,22
Brook Lopez,27
Brook Lopez,29
Brook Lopez,19
Brook Lopez,23
Brook Lopez,26
Brook Lopez,24
Damian Lillard,14
Damian Lillard,6
Damian Lillard,45
Damian Lillard,25
Damian Lillard,43
Damian Lillard,36
Damian Lillard,17
Damian Lillard,32
Damian Lillard,44
Damian Lillard,23
Damian Lillard,16
Damian Lillard,39
Damian Lillard,41
Damian Lillard,24
Damian Lillard,21
Damian Lillard,30
Damian Lillard,36
Damian Lillard,30
Damian Lillard,13
Damian Lillard,34
Damian Lillard,44
Damian Lillard,42
Damian Lillard,8
Damian Lillard,40
Damian Lillard,31
Damian Lillard,6
Damian Lillard,16
Damian Lillard,10
Damian Lillard,28
Damian Lillard,14
David West,11
David West,11
David West,28
David West,17
David West,28
David West,24
David West,8
David West,27
David West,19
David West,19
David West,16
David West,4
David West,7
David West,14
David West,17
David West,7
David West,12
David West,17
David West,27
David West,1
David West,39
David West,16
David West,21
David West,21
David West,5
David West,29
David West,16
David West,8
David West,4
David West,19
Blake Griffin,10
Blake Griffin,20
Blake Griffin,5
Blake Griffin,2
Blake Griffin,13
Blake Griffin,15
Blake Griffin,16
Blake Griffin,14
Blake Griffin,8
Blake Griffin,19
Blake Griffin,18
Blake Griffin,18
Blake Griffin,14
Blake Griffin,4
Blake Griffin,9
Blake Griffin,11
Blake Griffin,16
Blake Griffin,12
Blake Griffin,20
Blake Griffin,17
Blake Griffin,18
Blake Griffin,16
Blake Griffin,3
Blake Griffin,19
Blake Griffin,14
Blake Griffin,16
Blake Griffin,19
Blake Griffin,8
Blake Griffin,13
Blake Griffin,19
David Lee,14
David Lee,13
David Lee,14
David Lee,9
David Lee,7
David Lee,10
David Lee,15
David Lee,8
David Lee,15
David Lee,13
David Lee,15
David Lee,6
David Lee,7
David Lee,9
David Lee,12
David Lee,13
David Lee,11
David Lee,15
David Lee,11
David Lee,8
David Lee,12
David Lee,14
David Lee,10
David Lee,15
David Lee,8
David Lee,10
David Lee,11
David Lee,37
David Lee,10
David Lee,10
Demar Derozan,24
Demar Derozan,33
Demar Derozan,43
Demar Derozan,43
Demar Derozan,36
Demar Derozan,34
Demar Derozan,38
Demar Derozan,22
Demar Derozan,32
Demar Derozan,30
Demar Derozan,34
Demar Derozan,28
Demar Derozan,35
Demar Derozan,25
Demar Derozan,37
Demar Derozan,41
Demar Derozan,43
Demar Derozan,36
Demar Derozan,20
Demar Derozan,33
Demar Derozan,32
Demar Derozan,36
Demar Derozan,24
Demar Derozan,21
Demar Derozan,29
Demar Derozan,26
Demar Derozan,41
Demar Derozan,35
Demar Derozan,39
Demar Derozan,22